ID,FileName,FilePath
0,file1.py,/workspace/raw_data/file1.py
1,file2.py,/workspace/raw_data/file2.py
2,file3.py,/workspace/raw_data/file3.py
3,file4.py,/workspace/raw_data/file4.py
4,f1510193528.h,/workspace/raw_data/recup_dir.31/f1510193528.h
5,f1514327472.txt,/workspace/raw_data/recup_dir.31/f1514327472.txt
6,f1514250872.txt,/workspace/raw_data/recup_dir.31/f1514250872.txt
7,f1510066944.h,/workspace/raw_data/recup_dir.31/f1510066944.h
8,f1514329776.java,/workspace/raw_data/recup_dir.31/f1514329776.java
9,f1514228256.h,/workspace/raw_data/recup_dir.31/f1514228256.h
10,f1514254184.png,/workspace/raw_data/recup_dir.31/f1514254184.png
11,f1510193392.h,/workspace/raw_data/recup_dir.31/f1510193392.h
12,f1510183440.c,/workspace/raw_data/recup_dir.31/f1510183440.c
13,f1510187280.py,/workspace/raw_data/recup_dir.31/f1510187280.py
14,f1514323576.txt,/workspace/raw_data/recup_dir.31/f1514323576.txt
15,f1514331184.txt,/workspace/raw_data/recup_dir.31/f1514331184.txt
16,f1514211368.h,/workspace/raw_data/recup_dir.31/f1514211368.h
17,f1514255648.h,/workspace/raw_data/recup_dir.31/f1514255648.h
18,f1510183720.txt,/workspace/raw_data/recup_dir.31/f1510183720.txt
19,f1514328696.txt,/workspace/raw_data/recup_dir.31/f1514328696.txt
20,f1514256704.h,/workspace/raw_data/recup_dir.31/f1514256704.h
21,f1510187056.py,/workspace/raw_data/recup_dir.31/f1510187056.py
22,f1514250752.h,/workspace/raw_data/recup_dir.31/f1514250752.h
23,f1514329312.txt,/workspace/raw_data/recup_dir.31/f1514329312.txt
24,f1514331400.f,/workspace/raw_data/recup_dir.31/f1514331400.f
25,f1514323216.txt,/workspace/raw_data/recup_dir.31/f1514323216.txt
26,f1514257928.h,/workspace/raw_data/recup_dir.31/f1514257928.h
27,f1514255712.h,/workspace/raw_data/recup_dir.31/f1514255712.h
28,f1514256392.java,/workspace/raw_data/recup_dir.31/f1514256392.java
29,f1514331480.txt,/workspace/raw_data/recup_dir.31/f1514331480.txt
30,f1510066576.h,/workspace/raw_data/recup_dir.31/f1510066576.h
31,f1510070544.txt,/workspace/raw_data/recup_dir.31/f1510070544.txt
32,f1510193544.h,/workspace/raw_data/recup_dir.31/f1510193544.h
33,f1514211360.h,/workspace/raw_data/recup_dir.31/f1514211360.h
34,f1514329456.java,/workspace/raw_data/recup_dir.31/f1514329456.java
35,f1514256840.h,/workspace/raw_data/recup_dir.31/f1514256840.h
36,f1514329968.txt,/workspace/raw_data/recup_dir.31/f1514329968.txt
37,f1510183512.txt,/workspace/raw_data/recup_dir.31/f1510183512.txt
38,f1514331168.txt,/workspace/raw_data/recup_dir.31/f1514331168.txt
39,f1514328912.txt,/workspace/raw_data/recup_dir.31/f1514328912.txt
40,f1510187408.py,/workspace/raw_data/recup_dir.31/f1510187408.py
41,f1510162936.java,/workspace/raw_data/recup_dir.31/f1510162936.java
42,f1510184048.txt,/workspace/raw_data/recup_dir.31/f1510184048.txt
43,f1514329400.txt,/workspace/raw_data/recup_dir.31/f1514329400.txt
44,f1514250056.h,/workspace/raw_data/recup_dir.31/f1514250056.h
45,f1510163040.h,/workspace/raw_data/recup_dir.31/f1510163040.h
46,f1514326768.txt,/workspace/raw_data/recup_dir.31/f1514326768.txt
47,f1510192440.h,/workspace/raw_data/recup_dir.31/f1510192440.h
48,f1514250896.txt,/workspace/raw_data/recup_dir.31/f1514250896.txt
49,f1510183024.txt,/workspace/raw_data/recup_dir.31/f1510183024.txt
50,f1514250768.h,/workspace/raw_data/recup_dir.31/f1514250768.h
51,f1510162712.txt,/workspace/raw_data/recup_dir.31/f1510162712.txt
52,f1510183792.txt,/workspace/raw_data/recup_dir.31/f1510183792.txt
53,f1514250104.h,/workspace/raw_data/recup_dir.31/f1514250104.h
54,f1514326784.txt,/workspace/raw_data/recup_dir.31/f1514326784.txt
55,f1514330624.txt,/workspace/raw_data/recup_dir.31/f1514330624.txt
56,f1514329096.txt,/workspace/raw_data/recup_dir.31/f1514329096.txt
57,f1514323688.java,/workspace/raw_data/recup_dir.31/f1514323688.java
58,f1514326776.txt,/workspace/raw_data/recup_dir.31/f1514326776.txt
59,f1510187440.java,/workspace/raw_data/recup_dir.31/f1510187440.java
60,f1514328192.txt,/workspace/raw_data/recup_dir.31/f1514328192.txt
61,f1514331240.java,/workspace/raw_data/recup_dir.31/f1514331240.java
62,f1514256696.txt,/workspace/raw_data/recup_dir.31/f1514256696.txt
63,f1510163720.h,/workspace/raw_data/recup_dir.31/f1510163720.h
64,f1514257936.txt,/workspace/raw_data/recup_dir.31/f1514257936.txt
65,f1510194296.h,/workspace/raw_data/recup_dir.31/f1510194296.h
66,f1514326984.h,/workspace/raw_data/recup_dir.31/f1514326984.h
67,f1514328632.txt,/workspace/raw_data/recup_dir.31/f1514328632.txt
68,f1514256288.java,/workspace/raw_data/recup_dir.31/f1514256288.java
69,f1510163264.java,/workspace/raw_data/recup_dir.31/f1510163264.java
70,f1510193440.h,/workspace/raw_data/recup_dir.31/f1510193440.h
71,f1510162976.java,/workspace/raw_data/recup_dir.31/f1510162976.java
72,f1510163496.java,/workspace/raw_data/recup_dir.31/f1510163496.java
73,f1514328624.java,/workspace/raw_data/recup_dir.31/f1514328624.java
74,f1514329432.txt,/workspace/raw_data/recup_dir.31/f1514329432.txt
75,f1510192456.h,/workspace/raw_data/recup_dir.31/f1510192456.h
76,f1514328032.txt,/workspace/raw_data/recup_dir.31/f1514328032.txt
77,f1510163168.txt,/workspace/raw_data/recup_dir.31/f1510163168.txt
78,f1514329744.h,/workspace/raw_data/recup_dir.31/f1514329744.h
79,f1510162768.txt,/workspace/raw_data/recup_dir.31/f1510162768.txt
80,f1514323720.java,/workspace/raw_data/recup_dir.31/f1514323720.java
81,f1510183704.txt,/workspace/raw_data/recup_dir.31/f1510183704.txt
82,f1514327976.txt,/workspace/raw_data/recup_dir.31/f1514327976.txt
83,f1510185792.h,/workspace/raw_data/recup_dir.31/f1510185792.h
84,f1514256848.txt,/workspace/raw_data/recup_dir.31/f1514256848.txt
85,f1514328952.txt,/workspace/raw_data/recup_dir.31/f1514328952.txt
86,f1510183240.txt,/workspace/raw_data/recup_dir.31/f1510183240.txt
87,f1514328384.txt,/workspace/raw_data/recup_dir.31/f1514328384.txt
88,f1514329824.txt,/workspace/raw_data/recup_dir.31/f1514329824.txt
89,f1514329216.txt,/workspace/raw_data/recup_dir.31/f1514329216.txt
90,f1510162984.java,/workspace/raw_data/recup_dir.31/f1510162984.java
91,f1514329440.h,/workspace/raw_data/recup_dir.31/f1514329440.h
92,f1510193632.h,/workspace/raw_data/recup_dir.31/f1510193632.h
93,f1510185576.txt,/workspace/raw_data/recup_dir.31/f1510185576.txt
94,f1510183736.txt,/workspace/raw_data/recup_dir.31/f1510183736.txt
95,f1510183752.java,/workspace/raw_data/recup_dir.31/f1510183752.java
96,f1514256376.java,/workspace/raw_data/recup_dir.31/f1514256376.java
97,f1514232328.h,/workspace/raw_data/recup_dir.31/f1514232328.h
98,f1514329504.txt,/workspace/raw_data/recup_dir.31/f1514329504.txt
99,f1514327576.txt,/workspace/raw_data/recup_dir.31/f1514327576.txt
100,f1514330016.txt,/workspace/raw_data/recup_dir.31/f1514330016.txt
101,f1514326712.txt,/workspace/raw_data/recup_dir.31/f1514326712.txt
102,f1514331304.txt,/workspace/raw_data/recup_dir.31/f1514331304.txt
103,f1514256888.txt,/workspace/raw_data/recup_dir.31/f1514256888.txt
104,f1510181344.txt,/workspace/raw_data/recup_dir.31/f1510181344.txt
105,f1514255672.h,/workspace/raw_data/recup_dir.31/f1514255672.h
106,f1510183968.py,/workspace/raw_data/recup_dir.31/f1510183968.py
107,f1514256352.txt,/workspace/raw_data/recup_dir.31/f1514256352.txt
108,f1514211488.h,/workspace/raw_data/recup_dir.31/f1514211488.h
109,f1514256384.java,/workspace/raw_data/recup_dir.31/f1514256384.java
110,f1510183776.txt,/workspace/raw_data/recup_dir.31/f1510183776.txt
111,f1514252128.h,/workspace/raw_data/recup_dir.31/f1514252128.h
112,f1514327592.h,/workspace/raw_data/recup_dir.31/f1514327592.h
113,f1510162720.txt,/workspace/raw_data/recup_dir.31/f1510162720.txt
114,f1514327296.txt,/workspace/raw_data/recup_dir.31/f1514327296.txt
115,f1510066544.java,/workspace/raw_data/recup_dir.31/f1510066544.java
116,f1514329104.java,/workspace/raw_data/recup_dir.31/f1514329104.java
117,f1514331160.txt,/workspace/raw_data/recup_dir.31/f1514331160.txt
118,f1514330536.txt,/workspace/raw_data/recup_dir.31/f1514330536.txt
119,f1510183832.txt,/workspace/raw_data/recup_dir.31/f1510183832.txt
120,f1514329872.h,/workspace/raw_data/recup_dir.31/f1514329872.h
121,f1510163696.py,/workspace/raw_data/recup_dir.31/f1510163696.py
122,f1510183904.py,/workspace/raw_data/recup_dir.31/f1510183904.py
123,f1510187112.java,/workspace/raw_data/recup_dir.31/f1510187112.java
124,f1514255704.txt,/workspace/raw_data/recup_dir.31/f1514255704.txt
125,f1514256640.java,/workspace/raw_data/recup_dir.31/f1514256640.java
126,f1514328816.txt,/workspace/raw_data/recup_dir.31/f1514328816.txt
127,f1514331224.txt,/workspace/raw_data/recup_dir.31/f1514331224.txt
128,f1510192392.h,/workspace/raw_data/recup_dir.31/f1510192392.h
129,f1510193536.h,/workspace/raw_data/recup_dir.31/f1510193536.h
130,f1510193408.h,/workspace/raw_data/recup_dir.31/f1510193408.h
131,f1514232376.h,/workspace/raw_data/recup_dir.31/f1514232376.h
132,f1514328496.java,/workspace/raw_data/recup_dir.31/f1514328496.java
133,f1510163120.txt,/workspace/raw_data/recup_dir.31/f1510163120.txt
134,f1510187120.java,/workspace/raw_data/recup_dir.31/f1510187120.java
135,f1514329176.txt,/workspace/raw_data/recup_dir.31/f1514329176.txt
136,f1514329496.txt,/workspace/raw_data/recup_dir.31/f1514329496.txt
137,f1514331040.txt,/workspace/raw_data/recup_dir.31/f1514331040.txt
138,f1510066936.h,/workspace/raw_data/recup_dir.31/f1510066936.h
139,f1510066504.java,/workspace/raw_data/recup_dir.31/f1510066504.java
140,f1514328896.txt,/workspace/raw_data/recup_dir.31/f1514328896.txt
141,f1514323600.h,/workspace/raw_data/recup_dir.31/f1514323600.h
142,f1514329304.txt,/workspace/raw_data/recup_dir.31/f1514329304.txt
143,f1514329568.txt,/workspace/raw_data/recup_dir.31/f1514329568.txt
144,f1514329328.txt,/workspace/raw_data/recup_dir.31/f1514329328.txt
145,f1514228864.h,/workspace/raw_data/recup_dir.31/f1514228864.h
146,f1514256368.txt,/workspace/raw_data/recup_dir.31/f1514256368.txt
147,f1514255632.h,/workspace/raw_data/recup_dir.31/f1514255632.h
148,f1510188376.txt,/workspace/raw_data/recup_dir.31/f1510188376.txt
149,f1510188096.txt,/workspace/raw_data/recup_dir.31/f1510188096.txt
150,f1514250072.h,/workspace/raw_data/recup_dir.31/f1514250072.h
151,f1514327816.java,/workspace/raw_data/recup_dir.31/f1514327816.java
152,f1510183528.java,/workspace/raw_data/recup_dir.31/f1510183528.java
153,f1510187064.h,/workspace/raw_data/recup_dir.31/f1510187064.h
154,f1514331472.txt,/workspace/raw_data/recup_dir.31/f1514331472.txt
155,f1510193704.txt,/workspace/raw_data/recup_dir.31/f1510193704.txt
156,f1514232344.h,/workspace/raw_data/recup_dir.31/f1514232344.h
157,f1510193432.h,/workspace/raw_data/recup_dir.31/f1510193432.h
158,f1514328936.txt,/workspace/raw_data/recup_dir.31/f1514328936.txt
159,f1514256344.java,/workspace/raw_data/recup_dir.31/f1514256344.java
160,f1514232432.h,/workspace/raw_data/recup_dir.31/f1514232432.h
161,f1514330056.txt,/workspace/raw_data/recup_dir.31/f1514330056.txt
162,f1514250680.h,/workspace/raw_data/recup_dir.31/f1514250680.h
163,f1514327960.h,/workspace/raw_data/recup_dir.31/f1514327960.h
164,f1510183888.py,/workspace/raw_data/recup_dir.31/f1510183888.py
165,f1514250760.h,/workspace/raw_data/recup_dir.31/f1514250760.h
166,f1510193336.h,/workspace/raw_data/recup_dir.31/f1510193336.h
167,f1514323608.java,/workspace/raw_data/recup_dir.31/f1514323608.java
168,f1514326992.txt,/workspace/raw_data/recup_dir.31/f1514326992.txt
169,f1514256328.h,/workspace/raw_data/recup_dir.31/f1514256328.h
170,f1510187544.txt,/workspace/raw_data/recup_dir.31/f1510187544.txt
171,f1514328480.txt,/workspace/raw_data/recup_dir.31/f1514328480.txt
172,f1510183456.txt,/workspace/raw_data/recup_dir.31/f1510183456.txt
173,f1510183696.py,/workspace/raw_data/recup_dir.31/f1510183696.py
174,f1514329360.txt,/workspace/raw_data/recup_dir.31/f1514329360.txt
175,f1510192400.h,/workspace/raw_data/recup_dir.31/f1510192400.h
176,f1510163136.py,/workspace/raw_data/recup_dir.31/f1510163136.py
177,f1514330600.txt,/workspace/raw_data/recup_dir.31/f1514330600.txt
178,f1510193640.h,/workspace/raw_data/recup_dir.31/f1510193640.h
179,f1514211496.h,/workspace/raw_data/recup_dir.31/f1514211496.h
180,f1514228272.h,/workspace/raw_data/recup_dir.31/f1514228272.h
181,f1510193384.h,/workspace/raw_data/recup_dir.31/f1510193384.h
182,f1510067016.txt,/workspace/raw_data/recup_dir.31/f1510067016.txt
183,f1514329648.h,/workspace/raw_data/recup_dir.31/f1514329648.h
184,f1510162824.h,/workspace/raw_data/recup_dir.31/f1510162824.h
185,f1514331312.txt,/workspace/raw_data/recup_dir.31/f1514331312.txt
186,f1514253568.h,/workspace/raw_data/recup_dir.31/f1514253568.h
187,f1514255720.txt,/workspace/raw_data/recup_dir.31/f1514255720.txt
188,f1514325728.java,/workspace/raw_data/recup_dir.31/f1514325728.java
189,f1510163248.java,/workspace/raw_data/recup_dir.31/f1510163248.java
190,f1514329016.txt,/workspace/raw_data/recup_dir.31/f1514329016.txt
191,f1510163360.java,/workspace/raw_data/recup_dir.31/f1510163360.java
192,f1514329056.h,/workspace/raw_data/recup_dir.31/f1514329056.h
193,f1514328712.txt,/workspace/raw_data/recup_dir.31/f1514328712.txt
194,f1514327448.java,/workspace/raw_data/recup_dir.31/f1514327448.java
195,f1510193656.h,/workspace/raw_data/recup_dir.31/f1510193656.h
196,f1514256464.h,/workspace/raw_data/recup_dir.31/f1514256464.h
197,f1514330952.txt,/workspace/raw_data/recup_dir.31/f1514330952.txt
198,f1510183016.txt,/workspace/raw_data/recup_dir.31/f1510183016.txt
199,f1510183960.java,/workspace/raw_data/recup_dir.31/f1510183960.java
200,f1514326848.txt,/workspace/raw_data/recup_dir.31/f1514326848.txt
201,f1514232408.h,/workspace/raw_data/recup_dir.31/f1514232408.h
202,f1514326944.txt,/workspace/raw_data/recup_dir.31/f1514326944.txt
203,f1514254464.txt,/workspace/raw_data/recup_dir.31/f1514254464.txt
204,f1514256896.h,/workspace/raw_data/recup_dir.31/f1514256896.h
205,f1514330640.txt,/workspace/raw_data/recup_dir.31/f1514330640.txt
206,f1510183944.py,/workspace/raw_data/recup_dir.31/f1510183944.py
207,f1510187008.txt,/workspace/raw_data/recup_dir.31/f1510187008.txt
208,f1514327000.txt,/workspace/raw_data/recup_dir.31/f1514327000.txt
209,f1510067000.txt,/workspace/raw_data/recup_dir.31/f1510067000.txt
210,f1514328024.txt,/workspace/raw_data/recup_dir.31/f1514328024.txt
211,f1510187040.txt,/workspace/raw_data/recup_dir.31/f1510187040.txt
212,f1514252120.txt,/workspace/raw_data/recup_dir.31/f1514252120.txt
213,f1514331144.txt,/workspace/raw_data/recup_dir.31/f1514331144.txt
214,f1510184040.txt,/workspace/raw_data/recup_dir.31/f1510184040.txt
215,f1510187288.py,/workspace/raw_data/recup_dir.31/f1510187288.py
216,f1510187528.txt,/workspace/raw_data/recup_dir.31/f1510187528.txt
217,f1510191072.h,/workspace/raw_data/recup_dir.31/f1510191072.h
218,f1510185784.java,/workspace/raw_data/recup_dir.31/f1510185784.java
219,f1514328232.txt,/workspace/raw_data/recup_dir.31/f1514328232.txt
220,f1514331080.txt,/workspace/raw_data/recup_dir.31/f1514331080.txt
221,f1514327184.h,/workspace/raw_data/recup_dir.31/f1514327184.h
222,f1510184016.py,/workspace/raw_data/recup_dir.31/f1510184016.py
223,f1514329344.txt,/workspace/raw_data/recup_dir.31/f1514329344.txt
224,f1514256416.java,/workspace/raw_data/recup_dir.31/f1514256416.java
225,f1510187552.txt,/workspace/raw_data/recup_dir.31/f1510187552.txt
226,f1510192448.h,/workspace/raw_data/recup_dir.31/f1510192448.h
227,f1514330904.java,/workspace/raw_data/recup_dir.31/f1514330904.java
228,f1514329008.txt,/workspace/raw_data/recup_dir.31/f1514329008.txt
229,f1514331296.f,/workspace/raw_data/recup_dir.31/f1514331296.f
230,f1510187536.txt,/workspace/raw_data/recup_dir.31/f1510187536.txt
231,f1514329408.f,/workspace/raw_data/recup_dir.31/f1514329408.f
232,f1510183464.java,/workspace/raw_data/recup_dir.31/f1510183464.java
233,f1514329640.txt,/workspace/raw_data/recup_dir.31/f1514329640.txt
234,f1514329288.txt,/workspace/raw_data/recup_dir.31/f1514329288.txt
235,f1514232336.h,/workspace/raw_data/recup_dir.31/f1514232336.h
236,f1510070624.txt,/workspace/raw_data/recup_dir.31/f1510070624.txt
237,f1514329512.java,/workspace/raw_data/recup_dir.31/f1514329512.java
238,f1510162840.java,/workspace/raw_data/recup_dir.31/f1510162840.java
239,f1514254248.txt,/workspace/raw_data/recup_dir.31/f1514254248.txt
240,f1510183504.txt,/workspace/raw_data/recup_dir.31/f1510183504.txt
241,f1514327208.txt,/workspace/raw_data/recup_dir.31/f1514327208.txt
242,f1514323584.h,/workspace/raw_data/recup_dir.31/f1514323584.h
243,f1514250688.h,/workspace/raw_data/recup_dir.31/f1514250688.h
244,f1514323704.h,/workspace/raw_data/recup_dir.31/f1514323704.h
245,f1514328968.txt,/workspace/raw_data/recup_dir.31/f1514328968.txt
246,f1514330120.txt,/workspace/raw_data/recup_dir.31/f1514330120.txt
247,f1514327808.java,/workspace/raw_data/recup_dir.31/f1514327808.java
248,f1514256312.h,/workspace/raw_data/recup_dir.31/f1514256312.h
249,f1510183256.h,/workspace/raw_data/recup_dir.31/f1510183256.h
250,f1514256072.txt,/workspace/raw_data/recup_dir.31/f1514256072.txt
251,f1514331496.txt,/workspace/raw_data/recup_dir.31/f1514331496.txt
252,f1510183248.txt,/workspace/raw_data/recup_dir.31/f1510183248.txt
253,f1514323696.java,/workspace/raw_data/recup_dir.31/f1514323696.java
254,f1510183272.h,/workspace/raw_data/recup_dir.31/f1510183272.h
255,f1514325832.txt,/workspace/raw_data/recup_dir.31/f1514325832.txt
256,f1514211424.h,/workspace/raw_data/recup_dir.31/f1514211424.h
257,f1514329208.h,/workspace/raw_data/recup_dir.31/f1514329208.h
258,f1514329960.h,/workspace/raw_data/recup_dir.31/f1514329960.h
259,f1510183496.txt,/workspace/raw_data/recup_dir.31/f1510183496.txt
260,f1510188824.txt,/workspace/raw_data/recup_dir.31/f1510188824.txt
261,f1514250744.h,/workspace/raw_data/recup_dir.31/f1514250744.h
262,f1514327128.h,/workspace/raw_data/recup_dir.31/f1514327128.h
263,f1510162808.h,/workspace/raw_data/recup_dir.31/f1510162808.h
264,f1514327008.txt,/workspace/raw_data/recup_dir.31/f1514327008.txt
265,f1514327624.java,/workspace/raw_data/recup_dir.31/f1514327624.java
266,f1514331464.txt,/workspace/raw_data/recup_dir.31/f1514331464.txt
267,f1510183824.txt,/workspace/raw_data/recup_dir.31/f1510183824.txt
268,f1514256360.h,/workspace/raw_data/recup_dir.31/f1514256360.h
269,f1514328600.txt,/workspace/raw_data/recup_dir.31/f1514328600.txt
270,f1514323168.txt,/workspace/raw_data/recup_dir.31/f1514323168.txt
271,f1510183896.java,/workspace/raw_data/recup_dir.31/f1510183896.java
272,f1510183584.h,/workspace/raw_data/recup_dir.31/f1510183584.h
273,f1514232360.h,/workspace/raw_data/recup_dir.31/f1514232360.h
274,f1514228232.h,/workspace/raw_data/recup_dir.31/f1514228232.h
275,f1514328360.txt,/workspace/raw_data/recup_dir.31/f1514328360.txt
276,f1510163232.java,/workspace/raw_data/recup_dir.31/f1510163232.java
277,f1514330520.txt,/workspace/raw_data/recup_dir.31/f1514330520.txt
278,f1510163312.java,/workspace/raw_data/recup_dir.31/f1510163312.java
279,f1514329584.txt,/workspace/raw_data/recup_dir.31/f1514329584.txt
280,f1514255728.txt,/workspace/raw_data/recup_dir.31/f1514255728.txt
281,f1510186984.txt,/workspace/raw_data/recup_dir.31/f1510186984.txt
282,f1510184000.java,/workspace/raw_data/recup_dir.31/f1510184000.java
283,f1510183760.py,/workspace/raw_data/recup_dir.31/f1510183760.py
284,f1514331280.txt,/workspace/raw_data/recup_dir.31/f1514331280.txt
285,f1510193520.h,/workspace/raw_data/recup_dir.31/f1510193520.h
286,f1514211456.h,/workspace/raw_data/recup_dir.31/f1514211456.h
287,f1510183800.py,/workspace/raw_data/recup_dir.31/f1510183800.py
288,f1514331416.txt,/workspace/raw_data/recup_dir.31/f1514331416.txt
289,f1514329152.txt,/workspace/raw_data/recup_dir.31/f1514329152.txt
290,f1514327152.h,/workspace/raw_data/recup_dir.31/f1514327152.h
291,f1514327504.java,/workspace/raw_data/recup_dir.31/f1514327504.java
292,f1510162864.f,/workspace/raw_data/recup_dir.31/f1510162864.f
293,f1510183744.txt,/workspace/raw_data/recup_dir.31/f1510183744.txt
294,f1514326800.h,/workspace/raw_data/recup_dir.31/f1514326800.h
295,f1514326928.txt,/workspace/raw_data/recup_dir.31/f1514326928.txt
296,f1514329080.txt,/workspace/raw_data/recup_dir.31/f1514329080.txt
297,f1514330048.txt,/workspace/raw_data/recup_dir.31/f1514330048.txt
298,f1510192472.h,/workspace/raw_data/recup_dir.31/f1510192472.h
299,f1514326920.txt,/workspace/raw_data/recup_dir.31/f1514326920.txt
300,f1510193448.txt,/workspace/raw_data/recup_dir.31/f1510193448.txt
301,f1510183688.py,/workspace/raw_data/recup_dir.31/f1510183688.py
302,f1514211376.h,/workspace/raw_data/recup_dir.31/f1514211376.h
303,f1510162784.h,/workspace/raw_data/recup_dir.31/f1510162784.h
304,f1514331024.txt,/workspace/raw_data/recup_dir.31/f1514331024.txt
305,f1510193400.h,/workspace/raw_data/recup_dir.31/f1510193400.h
306,f1514328000.h,/workspace/raw_data/recup_dir.31/f1514328000.h
307,f1510187128.py,/workspace/raw_data/recup_dir.31/f1510187128.py
308,f1510190264.png,/workspace/raw_data/recup_dir.31/f1510190264.png
309,f1510188832.h,/workspace/raw_data/recup_dir.31/f1510188832.h
310,f1510187392.java,/workspace/raw_data/recup_dir.31/f1510187392.java
311,f1514328680.txt,/workspace/raw_data/recup_dir.31/f1514328680.txt
312,f1514330688.h,/workspace/raw_data/recup_dir.31/f1514330688.h
313,f1514331320.txt,/workspace/raw_data/recup_dir.31/f1514331320.txt
314,f1510183728.py,/workspace/raw_data/recup_dir.31/f1510183728.py
315,f1510184032.java,/workspace/raw_data/recup_dir.31/f1510184032.java
316,f1514329576.txt,/workspace/raw_data/recup_dir.31/f1514329576.txt
317,f1514256912.java,/workspace/raw_data/recup_dir.31/f1514256912.java
318,f1510183576.java,/workspace/raw_data/recup_dir.31/f1510183576.java
319,f1514250128.h,/workspace/raw_data/recup_dir.31/f1514250128.h
320,f1514329528.java,/workspace/raw_data/recup_dir.31/f1514329528.java
321,f1510184024.java,/workspace/raw_data/recup_dir.31/f1510184024.java
322,f1514256336.h,/workspace/raw_data/recup_dir.31/f1514256336.h
323,f1514329296.txt,/workspace/raw_data/recup_dir.31/f1514329296.txt
324,f1514256592.h,/workspace/raw_data/recup_dir.31/f1514256592.h
325,f1514331360.java,/workspace/raw_data/recup_dir.31/f1514331360.java
326,f1510183880.txt,/workspace/raw_data/recup_dir.31/f1510183880.txt
327,f1510193424.f,/workspace/raw_data/recup_dir.31/f1510193424.f
328,f1510066920.java,/workspace/raw_data/recup_dir.31/f1510066920.java
329,f1510162944.java,/workspace/raw_data/recup_dir.31/f1510162944.java
330,f1510066624.txt,/workspace/raw_data/recup_dir.31/f1510066624.txt
331,f1514329536.txt,/workspace/raw_data/recup_dir.31/f1514329536.txt
332,f1514323480.h,/workspace/raw_data/recup_dir.31/f1514323480.h
333,f1514211400.h,/workspace/raw_data/recup_dir.31/f1514211400.h
334,f1514250864.txt,/workspace/raw_data/recup_dir.31/f1514250864.txt
335,f1514257944.txt,/workspace/raw_data/recup_dir.31/f1514257944.txt
336,f1514228248.h,/workspace/raw_data/recup_dir.31/f1514228248.h
337,f1510192360.java,/workspace/raw_data/recup_dir.31/f1510192360.java
338,f1510162816.java,/workspace/raw_data/recup_dir.31/f1510162816.java
339,f1510162800.txt,/workspace/raw_data/recup_dir.31/f1510162800.txt
340,f1514326976.txt,/workspace/raw_data/recup_dir.31/f1514326976.txt
341,f1514330392.h,/workspace/raw_data/recup_dir.31/f1514330392.h
342,f1510066608.txt,/workspace/raw_data/recup_dir.31/f1510066608.txt
343,f1514327936.h,/workspace/raw_data/recup_dir.31/f1514327936.h
344,f1510187272.txt,/workspace/raw_data/recup_dir.31/f1510187272.txt
345,f1510162848.txt,/workspace/raw_data/recup_dir.31/f1510162848.txt
346,f1510187080.java,/workspace/raw_data/recup_dir.31/f1510187080.java
347,f1510187312.py,/workspace/raw_data/recup_dir.31/f1510187312.py
348,f1510183712.txt,/workspace/raw_data/recup_dir.31/f1510183712.txt
349,f1514211392.h,/workspace/raw_data/recup_dir.31/f1514211392.h
350,f1510183952.java,/workspace/raw_data/recup_dir.31/f1510183952.java
351,f1514256880.h,/workspace/raw_data/recup_dir.31/f1514256880.h
352,f1510183784.txt,/workspace/raw_data/recup_dir.31/f1510183784.txt
353,f1514256408.java,/workspace/raw_data/recup_dir.31/f1514256408.java
354,f1510193552.h,/workspace/raw_data/recup_dir.31/f1510193552.h
355,f1510163104.java,/workspace/raw_data/recup_dir.31/f1510163104.java
356,f1510183536.java,/workspace/raw_data/recup_dir.31/f1510183536.java
357,f1510193352.h,/workspace/raw_data/recup_dir.31/f1510193352.h
358,f1514322968.txt,/workspace/raw_data/recup_dir.31/f1514322968.txt
359,f1514323184.txt,/workspace/raw_data/recup_dir.31/f1514323184.txt
360,f1510193368.h,/workspace/raw_data/recup_dir.31/f1510193368.h
361,f1510185656.java,/workspace/raw_data/recup_dir.31/f1510185656.java
362,f1514232392.h,/workspace/raw_data/recup_dir.31/f1514232392.h
363,f1514209536.h,/workspace/raw_data/recup_dir.31/f1514209536.h
364,f1514328992.txt,/workspace/raw_data/recup_dir.31/f1514328992.txt
365,f1514257952.elf,/workspace/raw_data/recup_dir.31/f1514257952.elf
366,f1514330040.txt,/workspace/raw_data/recup_dir.31/f1514330040.txt
367,f1510193416.h,/workspace/raw_data/recup_dir.31/f1510193416.h
368,f1514329840.h,/workspace/raw_data/recup_dir.31/f1514329840.h
369,f1514228912.h,/workspace/raw_data/recup_dir.31/f1514228912.h
370,f1514211464.h,/workspace/raw_data/recup_dir.31/f1514211464.h
371,f1514331376.txt,/workspace/raw_data/recup_dir.31/f1514331376.txt
372,f1514232368.h,/workspace/raw_data/recup_dir.31/f1514232368.h
373,f1514326960.h,/workspace/raw_data/recup_dir.31/f1514326960.h
374,f1510183264.txt,/workspace/raw_data/recup_dir.31/f1510183264.txt
375,f1510163384.java,/workspace/raw_data/recup_dir.31/f1510163384.java
376,f1510066528.txt,/workspace/raw_data/recup_dir.31/f1510066528.txt
377,f1514328544.txt,/workspace/raw_data/recup_dir.31/f1514328544.txt
378,f1510194720.h,/workspace/raw_data/recup_dir.31/f1510194720.h
379,f1514322920.txt,/workspace/raw_data/recup_dir.31/f1514322920.txt
380,f1514330504.txt,/workspace/raw_data/recup_dir.31/f1514330504.txt
381,f1514256712.txt,/workspace/raw_data/recup_dir.31/f1514256712.txt
382,f1514330008.txt,/workspace/raw_data/recup_dir.31/f1514330008.txt
383,f1514331128.txt,/workspace/raw_data/recup_dir.31/f1514331128.txt
384,f1514330680.txt,/workspace/raw_data/recup_dir.31/f1514330680.txt
385,f1514329624.txt,/workspace/raw_data/recup_dir.31/f1514329624.txt
386,f1514327320.txt,/workspace/raw_data/recup_dir.31/f1514327320.txt
387,f1510187136.py,/workspace/raw_data/recup_dir.31/f1510187136.py
388,f1510187456.txt,/workspace/raw_data/recup_dir.31/f1510187456.txt
389,f1514322880.txt,/workspace/raw_data/recup_dir.31/f1514322880.txt
390,f1514232424.h,/workspace/raw_data/recup_dir.31/f1514232424.h
391,f1514330944.txt,/workspace/raw_data/recup_dir.31/f1514330944.txt
392,f1514331336.txt,/workspace/raw_data/recup_dir.31/f1514331336.txt
393,f1514250160.h,/workspace/raw_data/recup_dir.31/f1514250160.h
394,f1514328920.txt,/workspace/raw_data/recup_dir.31/f1514328920.txt
395,f1514331064.txt,/workspace/raw_data/recup_dir.31/f1514331064.txt
396,f1510162664.txt,/workspace/raw_data/recup_dir.31/f1510162664.txt
397,f1514256448.java,/workspace/raw_data/recup_dir.31/f1514256448.java
398,f1514330864.txt,/workspace/raw_data/recup_dir.31/f1514330864.txt
399,f1514211416.h,/workspace/raw_data/recup_dir.31/f1514211416.h
400,f1514211432.h,/workspace/raw_data/recup_dir.31/f1514211432.h
401,f1514327840.txt,/workspace/raw_data/recup_dir.31/f1514327840.txt
402,f1514328200.h,/workspace/raw_data/recup_dir.31/f1514328200.h
403,f1510163664.py,/workspace/raw_data/recup_dir.31/f1510163664.py
404,f1514328656.txt,/workspace/raw_data/recup_dir.31/f1514328656.txt
405,f1514328272.java,/workspace/raw_data/recup_dir.31/f1514328272.java
406,f1514327896.txt,/workspace/raw_data/recup_dir.31/f1514327896.txt
407,f1514331424.h,/workspace/raw_data/recup_dir.31/f1514331424.h
408,f1514228240.h,/workspace/raw_data/recup_dir.31/f1514228240.h
409,f1514330928.f,/workspace/raw_data/recup_dir.31/f1514330928.f
410,f1510183920.py,/workspace/raw_data/recup_dir.31/f1510183920.py
411,f1510163152.py,/workspace/raw_data/recup_dir.31/f1510163152.py
412,f1514250112.h,/workspace/raw_data/recup_dir.31/f1514250112.h
413,f1514330592.txt,/workspace/raw_data/recup_dir.31/f1514330592.txt
414,f1510163632.java,/workspace/raw_data/recup_dir.31/f1510163632.java
415,f1510066912.h,/workspace/raw_data/recup_dir.31/f1510066912.h
416,f1514327440.txt,/workspace/raw_data/recup_dir.31/f1514327440.txt
417,f1514250824.txt,/workspace/raw_data/recup_dir.31/f1514250824.txt
418,f1510187024.txt,/workspace/raw_data/recup_dir.31/f1510187024.txt
419,f1514327888.txt,/workspace/raw_data/recup_dir.31/f1514327888.txt
420,f1514327632.txt,/workspace/raw_data/recup_dir.31/f1514327632.txt
421,f1510163112.txt,/workspace/raw_data/recup_dir.31/f1510163112.txt
422,f1514250136.h,/workspace/raw_data/recup_dir.31/f1514250136.h
423,f1510162776.java,/workspace/raw_data/recup_dir.31/f1510162776.java
424,f1514328736.txt,/workspace/raw_data/recup_dir.31/f1514328736.txt
425,f1510187400.py,/workspace/raw_data/recup_dir.31/f1510187400.py
426,f1514330328.txt,/workspace/raw_data/recup_dir.31/f1514330328.txt
427,f1510183592.h,/workspace/raw_data/recup_dir.31/f1510183592.h
428,f1510190256.txt,/workspace/raw_data/recup_dir.31/f1510190256.txt
429,f1514228264.h,/workspace/raw_data/recup_dir.31/f1514228264.h
430,f1514331216.txt,/workspace/raw_data/recup_dir.31/f1514331216.txt
431,f1514326912.txt,/workspace/raw_data/recup_dir.31/f1514326912.txt
432,f1514323432.txt,/workspace/raw_data/recup_dir.31/f1514323432.txt
433,f1514329040.txt,/workspace/raw_data/recup_dir.31/f1514329040.txt
434,f1514250080.h,/workspace/raw_data/recup_dir.31/f1514250080.h
435,f1510183280.h,/workspace/raw_data/recup_dir.31/f1510183280.h
436,f1510066824.java,/workspace/raw_data/recup_dir.31/f1510066824.java
437,f1514250120.h,/workspace/raw_data/recup_dir.31/f1514250120.h
438,f1510066536.txt,/workspace/raw_data/recup_dir.31/f1510066536.txt
439,f1514323512.java,/workspace/raw_data/recup_dir.31/f1514323512.java
440,f1514232416.h,/workspace/raw_data/recup_dir.31/f1514232416.h
441,f1514327928.txt,/workspace/raw_data/recup_dir.31/f1514327928.txt
442,f1514326824.txt,/workspace/raw_data/recup_dir.31/f1514326824.txt
443,f1514256080.txt,/workspace/raw_data/recup_dir.31/f1514256080.txt
444,f1510163176.java,/workspace/raw_data/recup_dir.31/f1510163176.java
445,f1514211384.h,/workspace/raw_data/recup_dir.31/f1514211384.h
446,f1510184008.java,/workspace/raw_data/recup_dir.31/f1510184008.java
447,f1514228296.txt,/workspace/raw_data/recup_dir.31/f1514228296.txt
448,f1514256320.java,/workspace/raw_data/recup_dir.31/f1514256320.java
449,f1514255664.txt,/workspace/raw_data/recup_dir.31/f1514255664.txt
450,f1514329752.txt,/workspace/raw_data/recup_dir.31/f1514329752.txt
451,f1514323008.txt,/workspace/raw_data/recup_dir.31/f1514323008.txt
452,f1514323136.txt,/workspace/raw_data/recup_dir.31/f1514323136.txt
453,f1510162640.txt,/workspace/raw_data/recup_dir.31/f1510162640.txt
454,f1514323040.txt,/workspace/raw_data/recup_dir.31/f1514323040.txt
455,f1514329992.txt,/workspace/raw_data/recup_dir.31/f1514329992.txt
456,f1514327904.txt,/workspace/raw_data/recup_dir.31/f1514327904.txt
457,f1514211472.h,/workspace/raw_data/recup_dir.31/f1514211472.h
458,f1510193488.h,/workspace/raw_data/recup_dir.31/f1510193488.h
459,f1514329856.txt,/workspace/raw_data/recup_dir.31/f1514329856.txt
460,f1514329672.h,/workspace/raw_data/recup_dir.31/f1514329672.h
461,f1514329160.txt,/workspace/raw_data/recup_dir.31/f1514329160.txt
462,f1510163608.java,/workspace/raw_data/recup_dir.31/f1510163608.java
463,f1514228160.h,/workspace/raw_data/recup_dir.31/f1514228160.h
464,f1514330376.h,/workspace/raw_data/recup_dir.31/f1514330376.h
465,f1514329760.txt,/workspace/raw_data/recup_dir.31/f1514329760.txt
466,f1510183816.txt,/workspace/raw_data/recup_dir.31/f1510183816.txt
467,f1514328784.txt,/workspace/raw_data/recup_dir.31/f1514328784.txt
468,f1514328672.txt,/workspace/raw_data/recup_dir.31/f1514328672.txt
469,f1514327832.h,/workspace/raw_data/recup_dir.31/f1514327832.h
470,f1514329024.txt,/workspace/raw_data/recup_dir.31/f1514329024.txt
471,f1514256632.java,/workspace/raw_data/recup_dir.31/f1514256632.java
472,f1510187208.java,/workspace/raw_data/recup_dir.31/f1510187208.java
473,f1510193360.h,/workspace/raw_data/recup_dir.31/f1510193360.h
474,f1510183992.java,/workspace/raw_data/recup_dir.31/f1510183992.java
475,f1510183840.java,/workspace/raw_data/recup_dir.31/f1510183840.java
476,f1510187448.h,/workspace/raw_data/recup_dir.31/f1510187448.h
477,f1510183808.txt,/workspace/raw_data/recup_dir.31/f1510183808.txt
478,f1514253576.txt,/workspace/raw_data/recup_dir.31/f1514253576.txt
479,f1514329448.txt,/workspace/raw_data/recup_dir.31/f1514329448.txt
480,f1514330032.txt,/workspace/raw_data/recup_dir.31/f1514330032.txt
481,f1510163328.java,/workspace/raw_data/recup_dir.31/f1510163328.java
482,f1514250856.txt,/workspace/raw_data/recup_dir.31/f1514250856.txt
483,f1510194288.h,/workspace/raw_data/recup_dir.31/f1510194288.h
484,f1514327984.h,/workspace/raw_data/recup_dir.31/f1514327984.h
485,f1510193648.h,/workspace/raw_data/recup_dir.31/f1510193648.h
486,f1514330472.txt,/workspace/raw_data/recup_dir.31/f1514330472.txt
487,f1510187032.py,/workspace/raw_data/recup_dir.31/f1510187032.py
488,f1510181352.txt,/workspace/raw_data/recup_dir.31/f1510181352.txt
489,f1514330072.txt,/workspace/raw_data/recup_dir.31/f1514330072.txt
490,f1514228856.h,/workspace/raw_data/recup_dir.31/f1514228856.h
491,f1510183856.py,/workspace/raw_data/recup_dir.31/f1510183856.py
492,f1514254472.h,/workspace/raw_data/recup_dir.31/f1514254472.h
493,f1510163128.txt,/workspace/raw_data/recup_dir.31/f1510163128.txt
494,f1510183520.h,/workspace/raw_data/recup_dir.31/f1510183520.h
495,f1514328984.txt,/workspace/raw_data/recup_dir.31/f1514328984.txt
496,f1510183872.txt,/workspace/raw_data/recup_dir.31/f1510183872.txt
497,f1514329832.h,/workspace/raw_data/recup_dir.31/f1514329832.h
498,f1510163320.txt,/workspace/raw_data/recup_dir.31/f1510163320.txt
499,f1514228280.h,/workspace/raw_data/recup_dir.31/f1514228280.h
500,f1514330672.java,/workspace/raw_data/recup_dir.31/f1514330672.java
501,f1514329184.h,/workspace/raw_data/recup_dir.31/f1514329184.h
502,f1510183104.java,/workspace/raw_data/recup_dir.31/f1510183104.java
503,f1510188816.txt,/workspace/raw_data/recup_dir.31/f1510188816.txt
